Id,Predicted
33025022600000,98140
33053059470100,673350
33053055610000,260470
33025015390100,864365
33061031960000,310220
33053045380000,938340
33053047860000,715995
33105040050000,349205
33025025710000,729490
33053060710000,42970
33061034360000,348530
33053066930000,400230
33053053880100,80285
33105035790000,157305
33023012680000,845665
33053052320000,986350
33053038370000,650555
33105036810000,454695
33061029220000,656895
33053052690100,691375
33053054980000,309520
33023011460000,147730
33061028540000,96630
33053052150000,587200
33025023950000,316545
33061028590000,514860
33053045360000,118880
33007018020200,830055
33023013070000,378920
33105036510000,590530
33105033790000,798285
33023010630000,210310
33053057640000,846745
33025025450000,483990
33053058260000,11780
33025021970000,329405
30025415640000,668480
30025415200000,106125
30025414180100,526410
30015428890100,998945
42109326990000,440370
30015412940000,817600
42301323710000,392215
42301325700000,93535
30025419270000,981475
30015425050000,91725
30015422200000,281990
30025424890000,151280
30025425160000,668165
30015429760000,720135
30015415280100,787165
30025413900000,271625
30025407710000,207920
30025413300000,910135
30025415380000,702840
30015426300000,660275
30015427360000,123350
30025414360100,741520
30015411200000,194265
30025413400100,159665
42301323880000,731290
30025397120000,922510
30025405140000,288500
42301319470000,610795
30025413820000,730260
42109327030000,74875
30015412480000,931435
30015424570000,571825
42475367310000,290045
42109327350000,275335
30015421350000,100625
30015415810000,721435
30015414370000,507455
42301320710000,107310
30025415110000,475685
30015416930000,565450
30025416270000,905230
30015429230000,377010
42301324040000,355605
30025413600000,890105
30015417970000,139080
42301321940000,323295
42301323580000,591970
30025416120100,110830
30025406650000,273210
30015424490000,122980
42109325830000,366535
30015421310000,283470
30025410540000,788435
30025410920000,800685
42301319490000,937785
42389339230100,109220
30025423520000,700470
30015411180000,301670
30015424720000,340150
30025413640100,996285
42495336790000,800930
30025417010000,558015
30015415950000,415935
30015419350000,408795
30015421300000,710985
42301322310000,372830
42109324790000,404465
42109325230000,112325
30015423270000,145625
30025420600000,271660
30025421580000,261690
30015426650000,396625
30015418480000,410050
42301321960000,363485
42109325170000,34300
30015416090100,806840
30025411990000,30450
30025413320000,2340
42301320720000,821545
30025412550000,372555
33053062100000,171850
33053041020000,266500
33105032470000,417630
33053049260000,769840
33053055650000,379595
33053064110000,72675
33053060940000,176850
33105035260000,301580
33025021910000,586280
33105033420200,679195
33053052620000,155440
33105034660000,386410
33105033060000,668450
33025017700000,823650
33025025730000,925905
33025025120000,446110
05123396180000,974875
33053060000000,659930
33053047700000,120865
33061026820000,303565
33105034210000,675190
33105038530000,212790
33053051400000,666565
33023009490100,359975
05123399340000,202775
49021211640000,690685
05123390280000,662280
33053054310000,514885
33025021900000,46805
05123401710000,928700
33053068480000,578090
33105030950100,885055
33061031870100,562510
05123394270000,492645
05123365250000,890840
33025026050000,938300
33053056650000,32935
33053055720000,267285
05123396010000,255065
05123379170000,459735
33105039330000,677390
33105036620000,424730
33053050500100,667170
49021215690000,996555
05123391800000,784160
05123402690000,767855
49021210540000,870485
33061027070200,237180
33053061510100,259580
05123395850000,328775
33105036710000,644615
33061028340000,437730
33061031040000,455575
33053037300100,734515
33013017250000,177600
05123387590000,631005
33061037270100,934355
33105036020000,970305
33061029600000,696085
33053058670000,117110
05123382190000,381530
33025018700000,248580
33053052760000,58060
33025022270000,324585
33013017700000,612065
49021215920000,584340
33061032020000,322370
33025027240000,901690
33053057830000,556110
33053057240000,922530
05123389580000,571730
33061029390100,427950
05123399370000,120625
33061032740000,617335
33053055440000,567385
33053063410000,148315
05123389010000,424835
33105035530000,997150
33023010620000,199210
05123384170000,564125
33105029110000,501695
05123378280000,200885
33025021460000,575470
33053060120200,637350
33025025670000,659195
33053061610000,527225
05123365180000,697135
33053061360000,183190
33053052440100,115475
33105033160100,644045
33105032210000,485495
33053056620100,520580
05123393360000,563170
33053061590000,781415
05123397980000,58360
33105031680000,19995
05123405570000,270040
05123365280000,503090
05123376410000,77360
33053053070000,703105
33023011720000,539840
33105039260000,371415
33105029760000,556390
33061024920000,822955
33007017750000,331325
33053045480100,863200
33023008670000,296020
05123380810000,463870
33053052530100,114435
33053054470000,771320
33053059030100,831515
33061028850000,176260
33061029920000,440745
33061026690000,18480
33053056730000,409260
33053057320000,975455
33105031360000,305360
33053061710100,814955
33053057340000,18485
05123390380000,102440
33053052810000,411105
33061028560000,882645
33053054150000,350245
33105035190000,700595
33061029900000,138005
33061029930000,902785
42109326960000,911615
33053055480000,609040
05123367440000,369705
42301320830000,382830
33053041500100,342400
33025025860000,814880
33053051880000,61815
33053053590000,895990
33053056820000,872800
33053061670000,837015
33053046510000,845790
33025021540000,558290
05123407790000,722470
33105028320000,583055
33013017790000,920850
33105034250000,792610
05123377860000,566095
33053061940200,915340
33053059890000,255650
33053061840000,989045
30015410310000,495395
33053058160100,477515
33061029750000,248030
33053056080000,736440
33053059910000,828675
33105035410000,38330
33061026780100,375645
33105029670000,327165
30025420370000,573255
30015421340100,6735
33053059560000,591410
33105033380000,578365
30025424370000,614245
30015420780000,849315
05123395770100,914840
33025007760100,288105
42105422270000,320225
42105419080000,785785
30015424900000,330200
33025021550000,440085
30015410050000,652095
05123383910000,960050
30015420710000,750625
30025409300000,320390
42389341090100,118870
30015415130000,15155
33023008920000,738750
05123400780000,96980
33061027190000,552095
33061032060000,585590
30015420090000,694455
42105419100000,502790
30025417770100,3895
33105034910000,338600
33061026530000,999710
33061028980000,319310
30025411140000,432555
30025411880000,126200
30025405370000,769110
30015420540000,751450
05123396310000,413850
33053055710000,747640
42301320820000,797895
33105031380000,412475
33053065600000,360790
33053057130000,172200
42301322730000,837285
30025412460000,896840
33105035850000,30400
30025414910000,65760
33053065590000,624100
33053058600000,520760
33025015800100,285890
42003418670100,246675
33105033780000,308815
30025415370000,678300
30015426700000,920695
30025414350000,521670
33053054050000,315345
30025416460000,568605
42301319160000,842800
33025024070000,205685
33053054280000,718020
33061027090000,351980
33105031860000,83530
33105035770100,194120
42475365580000,497145
05123383980000,761840
30015428510000,211805
33061027930000,522705
30025414140000,144595
33061025990000,146125
30025420950000,497855
33105033450000,563950
33025020450000,537945
30025412430000,532730
30015410470000,378205
42475363880300,595020
30015413920000,720380
30015418960000,183560
30025416250100,925915
42301325560000,959640
30015416360000,888795
42105421070000,179815
30025414980000,335110
30025414700100,66800
30015424320000,336460
42475365640000,998780
42301324820000,689140
30025419100000,128785
30015421110000,860995
30015423930000,810970
30025413040000,363935
30025414260000,895585
42105420290000,723870
42105419360000,384600
35073249010000,975930
35073248730000,250140
05123394970000,226605
35017246760000,840465
35073248620000,61895
05123386030000,156035
35011234940000,189690
35051238080000,841440
35011234960000,462620
35051238220000,346060
33025012210000,83265
05123379810100,724140
33025025440000,288830
33025021840000,935160
33105032120000,712415
33053049860000,97110
33053051710000,972350
33025021380000,957400
33105036170000,176390
35073250820000,75920
35017246930000,132960
33105034630000,429790
33053050510000,809320
33053047290000,386965
33105031340000,794785
33053043610000,679065
35073249520000,195380
05123395990000,589695
33053050720000,509465
33105031660100,306465
05123397810000,998420
33061028720000,934775
33105030720000,633705
33105033650300,627275
35051237930000,387985
33105034860000,892975
33053054390000,494485
35011234970000,882490
33105031980000,658830
33025023580000,907015
35051238760000,481435
33105035450000,921560
33025024380000,624980
05123390020000,223755
33105036190000,845170
33025024510000,392380
05123374760000,644780
05123391450000,632250
33023011730000,180515
35073251100000,856955
05123396490000,135230
05123375770000,554300
05123411610000,787140
05123385980000,88390
35073249810000,898410
05123389320000,450600
05123372560000,518365
05123391340000,481995
05123412620000,962935
05123415360000,460300
35073251210000,589805
05123391350000,625535
49021210570000,153850
49021222980000,433255
05123389820100,84315
05123387780000,772465
49021212260000,723715
35073248840000,286265
05123376270000,960605
05123386010000,751550
05123387800000,617720
05123381620000,649650
05123389130000,552290
05123349520000,355890
05123390300000,939645
35073249660000,594100
33053066390000,153310
33089008180000,436240
05123409150000,482805
05123375790000,259010
35073250320000,217545
33025019270000,548205
33105031150100,140325
33061031930100,301190
35073251010000,97375
05123370390000,325580
33089008110000,606695
05123381200000,165340
33025027070000,482450
33023013360000,110435
05123400810000,149255
05123374930000,682015
05123380640100,902470
33053065350000,495440
05123394220000,364720
05123379210000,505120
05123374230000,937365
33105035470100,535275
33061030460000,297870
05123395740000,20635
35017247640000,623910
35073249130000,873260
05123372030000,533755
05123383900000,609460
05123411160000,150355
05001098260100,356395
33053065060000,699855
33053062730000,308035
05123365260000,847685
05123374240000,133220
05123382300000,49580
05123377120000,331025
05123380600000,860335
05123380670000,862530
05123389730000,514800
35073251140000,215665
05123384060000,309270
05123383440000,2830
05123374200000,18575
05123386590000,944565
05123359980000,805795
05123378870000,762735
05123377680000,305165
05123383450000,972185
05123389420000,415810
05123412510000,968250
33053059440000,581450
33023012870000,756755
33053058530000,75025
05123379250000,485540
05123402850000,422145
05123385860000,221670
05123390570000,759450
33023012280000,754435
05123371710000,676235
33089008470000,197175
05123403130000,744565
33053065550000,582625
05123383380000,948315
33053061950000,494880
05123380570000,45020
05123384080000,271430
05123392400000,901745
05123399300000,580120
05123367400000,468990
05123383320000,7260
05123381430000,456525
05123373690000,754995
05123383210000,932415
05123386450000,417415
05123382970000,891400
33025026040000,859115
35073251020000,749845
33061037260000,263235
05123409140000,5090
33053060300000,202075
05123406210000,642055
05123391360000,270735
05123393970000,194420
05123371910000,296710
05123386320000,871295
05123406880000,293800
05123406850000,932790
05123394280000,982400
33025027140000,254650
33053046330000,630725
33053048600100,155605
05123392290000,516990
33105036990000,564755
33061026070100,773670
33053056360100,252865
33025027040000,151915
33053063910000,760155
05123387850000,374835
33053057770000,959045
05123383310000,773235
05123393980000,10605
05123368450000,357195
05123358360000,538850
05123382350000,265030
05123386730000,630520
05123362780000,538985
05123385910000,98905
05123390960000,618330
05123365520000,174255
33105036650200,718835
33105037310000,791875
05123374080000,270625
05123376670000,605525
05123397550000,453260
05001097770000,877940
05123382030000,530425
05123399610100,416975
05123406040000,443625
33013016870100,803095
33053063610000,266035
05123374170000,553915
33053057300000,65935
33025028240000,388470
05123393080000,786435
05123400490000,805180
05123378440000,826720
33025022620000,157440
05123377820000,331760
05123406200000,376540
05123393940000,756710
05123391960000,973235
05123387870000,800
05123392680100,980720
05123394620000,55955
33053059420000,450025
33105028580000,788270
33061026050000,838565
05123381990000,816520
05123390120000,560645
33053055030000,202385
05123382120000,342610
05123378600000,37100
05123398350000,196035
05123391050000,349725
05123380250000,150560
05123378120000,379745
05123362310000,336435
33105032970000,422580
33105033640000,984015
05123391020000,64505
33025024960000,622995
05123389240000,975940
33061027850000,824495
33105033720000,541155
05123389810000,218665
05123388040000,373755
33053060680000,218510
33025022930000,973360
33007018250000,386255
05123397280000,467605
05123392190000,643515
05123393070000,556765
05123392580000,673515
05123400600000,127760
35073249590000,55565
05123397380000,629025
35011235050000,483580
33013017520000,809395
05123400610000,187475
05123399270000,165125
33023011920000,874620
05005072240000,804350
33053054190000,417960
05123388240000,305425
33061030820000,612525
33053054180000,401635
33089008410000,246155
33105032010000,735045
33061030400000,314930
33053053460000,636610
33053056580000,63465
33061024170000,344605
33061029030000,227185
33105031690000,913320
05123387600000,32420
33023009480100,152340
33061030660000,688945
33053057700000,146970
33025024530000,119740
05123392790000,468235
33025026730000,684890
33007018110000,5765
35073250010000,892005
33061030920000,500295
05123395180000,515480
05123395260000,321335
33053051150000,518675
42227383500000,622720
42317401630000,286190
05123407020000,465685
42173371760000,110210
33053044340000,601515
42003458960200,891665
05123400620000,103480
42317397170000,502815
42383388920000,197330
42317392580000,110675
42317387900000,858905
42173369400000,720560
33023011980000,894035
05123369840000,868985
05123394480000,804355
33053052450000,702245
42135423720000,826140
42461389850000,214365
42317399690000,316610
05123398060000,727850
05123398100000,159605
33061026950000,391460
33105036770000,993585
33105034380000,303690
33089008070000,225100
33007018080000,500530
33105032080100,321330
33061028970000,503185
33053056950000,169735
42329401760000,357335
33061032210000,479250
33061024030000,117730
33061029720000,433485
42317394110000,962710
42329390030100,823240
42173369000000,789840
05123373120000,210860
42383387610000,789525
42317401230000,67380
42383393150000,576765
05001097810000,560735
05123389790000,376095
42173363840000,657980
42461393020000,996505
05123377950000,569010
35017247310000,783535
33023011640000,530250
33053059670000,890205
33025021240000,67480
42329398840000,199000
42383391160000,725810
05123393050000,97255
33105034240000,187600
33025024440000,425650
42317400270000,707180
42329396350000,622005
42317394640000,836530
05005072030100,88450
33053057110000,531265
33023012070000,616025
33105034470000,635710
42103363420000,274975
42227384540000,75120
42383393720000,638895
33053056310000,678745
35073249080000,281240
33053052800000,440125
42135428520000,610740
42329402000000,150110
42383385530000,199765
33061032620000,961300
05123393550000,507465
33053037830000,959840
05123395090000,416565
42329395090000,337825
33025020150000,131485
42317400220000,541325
42003442780000,333245
42461394280000,317750
05123389830000,561070
42461399760000,232455
42461390700000,88040
30015415550100,466860
42461391630000,990550
33025026640000,229940
42383393040000,564005
42383386340000,526460
42173367230000,765185
42461392390100,994150
42235355950000,790410
42317393810000,228805
33105035050000,138705
35073250160000,434910
33089008020000,411375
33053050590000,76545
42461398230000,287525
35073250340000,94850
42173369740000,510600
42383393230000,701390
42135425210000,957510
42329393230000,634695
30015415830000,87850
42317395720000,190335
42317394910000,298200
42105422420000,564165
33013017890100,785720
42135426170000,266970
42317397880100,955350
42317395930000,136965
33033003540000,212800
42173371550000,253075
42003470850000,569615
42329396070100,46080
42329395910000,407765
42461400520000,725290
42383388200000,680600
42495335280000,912905
42329391940000,937430
42317397100000,221960
42383383380000,450475
42173368410000,303365
42003458620000,59320
42317394940000,331630
30015430740100,97600
42173361630000,785015
42383385920000,974470
42383393030000,498225
42003467350000,903975
42383392470000,952785
42329398870000,879310
42329397160000,31885
42329388060000,642540
42317398250000,241905
42317392280000,759250
42173365460000,829700
42173367440000,113370
42383393610000,460690
42461401410000,518000
42173368580000,469115
42461396770000,372560
42329395890000,867360
42461386550000,669870
42103362960000,547920
42173361730000,462010
42003463240000,742115
42461391740000,24330
42461399530100,741000
42383387040000,373795
42329393140000,957395
42383385570000,860605
42173366910000,363365
42173368430000,905000
42461397170000,286160
42329394020000,742410
42329395340200,574980
42317401240000,589695
42329393650000,938720
42173363780000,466540
42461391550100,669625
42135432240000,864475
42317394600000,46215
42317395640000,866270
42383390390000,345765
42495334650000,22180
42461401320000,520285
42383393060000,257980
42003468970000,550855
42329394040000,718925
42329398050000,812575
42383385550000,83690
42329393320100,178565
42383387170000,528770
42329390190000,741955
42173363820000,872470
42461395330000,857355
42461394240000,762745
42329394410100,189915
30015409640000,113820
42173364120000,396900
42461388390000,383275
42173369470000,676155
42235358070000,686310
42461392750000,461675
42461393140000,305645
42461395250000,640185
42461396440000,952875
42329401150000,894900
42317390590000,315370
42383386950000,309760
42329393970000,329050
42317398200000,704295
42461390500000,61635
42383385960400,47685
42173363950000,629315
42135431730000,498290
42461398120000,804340
42115336510000,992605
42383386110000,865190
42383387160000,197495
42461398610000,576870
42383388000000,841195
42329401170000,284130
42461397400200,564645
42173368480000,849635
42461390560000,899075
30015397790000,223355
42383385620000,910325
42173365850000,166950
42235358090100,223115
42317399860000,32900
42329394490000,913560
42135430510000,124900
42461391760000,624405
42173369420000,688475
42461395500000,761095
42317395840000,767105
42003465290000,255575
42461391300000,294050
42003464480000,789810
42461396240000,590340
42383383790000,377830
42383385670000,649485
42329397260100,898345
42173364070300,868195
42173366340000,237815
42173362080000,459865
42461393720000,708560
42461395000000,242735
42173359970000,388640
42383387130000,217730
30015402620000,82615
42329389610000,534480
42317395320000,173595
42317390040000,298950
42383385950000,427305
42227382450000,102655
42329400980000,970030
42329389110000,18920
42173361550000,229625
42317401500000,558365
42173364990000,987505
42235357480000,253840
42173369110000,436530
42461395460000,372875
42329390270000,81685
42461399890000,221685
42317398450000,92425
35017246220000,199705
35017246110000,524935
35017246720000,149740
35051237950000,831480
35051238210000,312585
35017246440000,335175
35017246010000,452985
35051238670000,278420
35137271490000,450935
33061027110000,266495
33053051060000,104865
33053047330000,831595
35137271400000,35650
35137272370000,58525
33023011690000,110325
35051238170000,362660
35049250330000,351245
35137274140000,250705
42389342570000,824005
35137271260000,799830
35051238370000,835070
42389344650000,379405
35051237140000,599150
42235354800000,210240
35017246540000,963895
33023012050000,758310
35051237470000,945380
33053062600000,800745
35137271170000,430810
33025024770000,121875
35011235010000,240540
42235355250000,345055
42105416570000,53425
42383378180000,173990
42301326210000,416445
42475364830000,811695
42003470420000,965605
42235352270100,772545
35049250400000,653180
35049250410000,272215
35017247030000,606835
33025023530000,527265
33061026580000,300785
42105418960000,437000
42389345350000,635245
42301321350100,832755
42235355410100,637150
42389340030100,324695
42003469530000,974310
42495336180000,313415
42389345670000,28515
35017246500000,152455
33061026520000,466130
35017246640000,179900
42383378020000,295715
33061032130000,821330
42389341840000,577835
35017246450000,660100
42109326190000,194240
30025421200000,538310
42383387270000,561485
42301319700000,816630
42235355070000,560855
42109327330100,109340
42235356100000,221895
42475365670000,525065
42383391030000,15755
42383381530000,659800
42383382770100,795160
42389344090100,513545
42389345530000,98460
30015419420000,220310
42475367070000,601105
42371391260100,933385
42461396210000,509825
42389339640000,70820
42383382670000,116195
30015427850000,878120
42105417970000,762110
42105419590000,836740
42371331910100,356175
30025424800000,19845
42301323090000,193430
42235355570000,677435
35051237610000,937715
35051238190000,978205
35051238330000,860985
42389335610000,198785
42389340940000,531860
42235356630000,178810
42389345660000,532430
42383386000000,819770
42109328210000,908045
42105420330000,984525
30015429360000,280015
42235356580000,347055
30015429090000,538455
42475366200000,696045
42235354190000,829400
42301322640000,930195
42389341870000,509340
42301323340000,71370
42105418180000,507365
42383384740000,899155
42383393530000,580715
42383386270000,403680
42173364760000,693920
42301323180000,235995
42461390030000,740365
42389338200000,853085
42105420870000,968870
42235357570000,232525
42235360040000,373750
42371392940000,709460
42389339940000,833455
42383389170000,625915
42135429600000,613715
42235359240000,382365
42389336820000,812310
42383386500000,996080
42383393200000,86085
42109325850000,450295
30015417860000,678590
42389348070000,36405
42389340350000,911895
42389341620000,613595
42235358300000,523635
42431334360100,638520
33053056970000,787705
42371392130100,38630
42389343330100,309800
42431334460000,126370
35137272440000,4005
30015416180000,822645
42235358390000,592900
42389347370000,822075
42235358610000,820770
42475365450000,870580
42235350750000,728065
42105419000000,940350
35073249340000,461485
42105419580000,92675
42389344370000,25130
42109327740000,514775
42235355870000,563620
42301321730000,577705
42475365950000,42540
42235359250000,837410
42389347660000,582305
42329401520000,386335
42389338920100,776640
42389345280000,919420
42317391110000,19770
42383391880000,868055
42389342790000,872145
42301320120000,630280
42475365380000,584390
42383390890000,961115
42301322160000,860970
42235359970000,443680
42105414810100,527035
42105420500000,541065
42109326860000,640250
42235360090000,356450
42301325990000,198710
42301324990000,569165
42389344710000,284915
42389343680000,367080
42383385490000,583970
42389342870000,41745
42301322320000,909395
42383384150000,996385
42301322200000,2805
30025423170000,600460
35049249790200,728080
42383383940100,594490
35017248110000,992110
42389336610000,507130
42105420810000,319965
42389347960000,963505
42235355760000,943040
42475369250100,918260
30015427840000,604795
42389340180000,152200
33061030910100,472265
42105419190000,166735
42371392990000,813805
42301320330000,252115
42383387540000,150645
35051238040000,355065
42383387510000,529885
42389343550000,24275
42317400460000,967155
42389339360100,426155
42383391950000,139990
42389343220000,316830
42301320850000,330025
30015417820000,45125
42371392480100,300320
33025022980000,386110
33053058770000,789790
42495335590100,206700
30015417540000,175340
33053058110000,248790
33053053580000,632950
33053057890000,163985
42475363520100,19740
42301323230000,271615
42235354780000,210115
42235355120000,596750
42301320040100,822280
42383384510000,26315
42105419640000,307535
42301323320000,297265
42105419490000,616085
42235356720000,57485
42383388140000,20075
42389340060000,96390
42383378000000,668680
42389343850100,881785
42475364600000,614090
42109328290000,658785
42389346740000,154440
42389342880000,996135
42383386190000,754135
42301323780000,46635
42383387490000,711165
42173359600000,120325
42475369620000,160325
42301320990100,472225
42383391410000,639670
42389344440000,165205
42383387250000,704420
30015423840000,892785
42003456320000,215590
30015417300000,15035
42389346310000,150585
42317392520000,684910
42109327220000,550905
42301324440000,291330
42389348640000,15740
42389339330000,9150
42389343010100,623980
42389347540100,506425
42389342640000,326745
42389339930000,264985
42475364860000,929575
42389342000000,707730
42389348570000,858495
42389340750000,346855
42317393660000,42940
42301325310000,107625
33105027640000,950565
33105032510000,125995
33053056910000,759640
33053056510000,435200
33105035510000,338830
33061033980000,62520
33053052990100,460140
33105035670000,876295
33105036260200,64985
33023011970000,527170
33053062350000,953745
33025027950000,485480
33025019640100,82905
33053067120000,9930
33061032730000,712820
33023010600000,623115
33061032430100,573030
33053061020000,143015
33053060390000,429515
33061032720000,246360
33053062290100,323510
33105033290100,563460
33053059150200,764660
33105032490000,503140
33053060320000,699585
33053053610000,420320
33061019380000,613540
33105029580000,420655
33025020930000,588695
33105036520000,636425
33105030600000,804615
33023011860000,91705
33053053480000,736525
33053060810000,474425
33025024430000,433705
33105037060000,929080
33053054950000,470400
33023012630000,304010
33053061220000,712365
33053052510000,178155
33061028910000,250145
33061031540000,909730
33053057180000,720915
33061029190000,22645
33033003440100,276090
33053049600100,230670
33053059170000,367585
33053055220000,296735
33053051800000,657360
33025015320000,275190
30025415950000,182915
42301320360000,594585
42301326000100,731020
42475364840000,805905
30015420910100,157550
30025419590000,740770
30025423860000,116420
30025414190000,709260
30025420800000,947205
30015418860000,475395
30025407950000,994530
30025422680000,728320
30025412040000,11620
30025416410000,956685
30025407800000,793540
30015417190000,902965
30015422070000,45835
30025414370000,231640
30015420610000,101815
42301319640000,390195
33061031350100,812475
42301325710000,613615
30025410970000,32000
42301320560000,397270
30015417910000,295080
30025411410000,628410
42301326020000,380490
30025423360000,479565
42109325790000,404395
30025422750000,71400
42109326810100,371905
30015422180000,707970
30025423770000,196310
30015417620000,810915
42301325220000,947310
30025403520100,226200
42495335450000,17360
42301325260000,429060
42109325260000,854830
30015419300000,303445
42301319480000,484085
30015412400100,812225
30015423530000,602205
42301322790000,431900
30025419770000,281265
30025416100000,712635
30015429910000,832180
30015417380000,370605
30015417980000,95765
30025422830000,765200
30015430260000,244370
30015422600100,873235
42301319060000,276185
30025414290000,252315
30015419370000,992255
30015425930000,207695
30015421460000,253895
30025416400000,478030
30015420900000,142905
30015420880000,699965
30015417930000,994020
30015415800000,702840
30025418780000,532765
30025419460000,535575
30025410580000,989345
30025409530000,764735
42301320410000,147510
30025418330000,231790
30025412900000,813270
42301315710100,327790
30025425210000,128010
42109326360000,680635
30025414630000,341430
30025410480000,977665
30015426960000,647760
30025416920000,439540
30015420840000,31235
42109326580000,534110
30025419580000,918125
42301317160000,483420
30015429690000,887660
42109327170000,120720
30015418180000,84960
30015398590000,90420
30015413430100,772325
30025419380000,743950
42301322630000,773855
30015419510000,8770
42109325430000,682900
30025412990000,799895
30015417790100,614495
30015386240000,649530
30015409940000,283350
30025419350000,492405
30025422010000,89065
30015420990000,311620
42301322870000,253525
30015424210000,599400
42301323890000,153360
42301320580000,133790
30025417370000,790845
30015417880100,751585
30015421270000,167250
30015411990000,325550
30015415370000,943170
30025419870100,878375
30015419640100,172695
42301319240000,356785
30025418510000,586075
42109324050300,41295
30025413770000,297930
30015416080000,227560
30025414500000,872040
30025416280000,619115
42301319560000,257095
30015430630000,746775
42301321360000,610970
30015420550100,159215
30015425130000,67950
30015412340000,503440
30025419750000,490440
30015420330000,151295
30015420820000,737635
30015417310000,738505
30015423700000,387965
30015429190000,765670
30015415480100,665860
30025420420000,405615
42109326450000,221700
30025422950000,803635
42301321440000,636900
30015419240000,422630
30015424180000,62440
42301320650100,924185
30015430240000,613180
30015416950000,545070
30025419450000,350810
30025419810000,543015
30025412300000,537605
42109326180000,438785
30015411210000,623320
42475367840000,656660
30015429220000,190465
30025416330000,585700
30025422930000,338325
30025422280000,327475
30025415810000,27610
42301320770000,645585
42109326240000,999535
42301321930000,165015
30025419470000,853440
42301323590000,406505
30015424820000,917430
30015425960000,421715
30015425140000,83280
30025413520000,407340
30015419810000,585700
30015428280000,913325
30015412920000,954335
30025425770000,870225
30015427120000,692720
42109325250000,649270
30025423110100,26520
30025411500000,667190
30015421580000,86795
42109325920000,53400
30015413950000,419030
30025406970000,81845
42109327340000,226695
30015411940000,877885
30025419280100,319235
30015424120000,448490
30015421750000,723150
33105032640100,860815
33105036700000,957560
33025023510000,216995
33025025850000,879285
33053048660000,466730
33105036160000,368895
33105031110000,472395
33053064120000,172060
33061032400000,208010
33105029270000,364230
33053049850000,692960
33105035230000,268020
33053049640000,953630
33105032900000,706400
33061027940000,853095
33025021930000,696530
33105034070100,139225
33053053890000,329485
33053052850000,531550
33053052260000,747005
33025025220100,566775
33053054640000,297605
33105033610000,705195
33025007050100,749750
33025025990000,569115
33061027720000,463850
33025024140000,922975
49021211400000,670555
49021211350000,364090
33025024980000,515520
49021210660000,86105
33025022220000,372885
05123389720000,174190
33053066350000,429025
33025023270100,402450
33053067360000,32835
49021211360000,687325
33105035870000,555305
33053051260000,464065
33061024220000,48025
33053066080000,97820
33053051500000,328655
33053042030000,801465
49021210300000,874505
49021210520000,692045
33105038500000,503060
33053068150000,673825
49021213980000,235890
05123386060000,531450
33105030440000,634040
33053062310000,409015
33025020350000,474035
33053048950000,2220
33053060640100,609275
33053049360100,880320
33013018010000,345870
33025024560000,381470
33105031950000,826715
33061032340000,298090
33053065560000,750370
33061032750100,127135
33105034550000,472615
33053047680000,165285
33053044000100,497700
33053051540000,376690
33025022890000,862715
33061031180100,890180
33053048380100,135470
33061030290000,650640
33025028420000,45985
33105032230000,89080
33061030300000,738315
33053060970200,654700
33105033730100,88695
33105037900000,751680
33053052580100,285340
33061031340100,736480
33053051390100,893785
33053054570000,788130
33025025510000,4555
33061029790000,67485
33053052980000,232460
05123399130000,669190
33105029650000,212520
33053052230000,325050
33061028270000,531575
33053062110000,857120
49021221440000,212120
33053067850000,635
33061032330000,820140
05123403150000,669005
33105034190000,37620
05123396300000,746315
05123392480000,630065
33061033200000,196250
33105035460000,50310
33025022080000,126120
33053051920100,61790
33061031940000,240750
33023013320000,458580
33053062400000,438040
49021210790000,950690
33061033920000,517910
49021211330000,121800
33061036490000,706435
49021222750000,11290
33105040330000,748700
33025027590000,157975
33053053050100,397150
33053049870200,215430
33061034420000,357790
05123368320000,152675
33061029420000,736705
05123395620000,765145
05123397520000,415445
33105036490100,54020
49021215700000,283650
33105032730000,934260
33025025570100,78360
33053056180100,201420
33025027260000,568750
05123400190000,444400
33013017900000,155705
33061025130000,720170
33025027940200,655630
05123366220000,330835
33013017260000,374650
49021211810000,361205
33053066040000,493095
33053061120100,83775
33053060610000,104810
05123365150000,239800
33061028900000,211140
05001098010100,611585
05123389120000,202690
33007017970100,335990
05123397130000,39320
49021211430000,483950
33061030490100,42415
33053049940100,374425
33053060230000,713305
05123380090000,450375
05123376640000,282250
05123373500000,682320
05123373600000,950045
33053041510000,319130
33061035450000,966010
33053054030000,516015
33053058870000,185690
33025024090000,326025
33061020820000,498080
33105030920000,936725
33105036780000,542700
33023011990000,474005
33053052310200,292230
05123389100000,211580
05123346950000,20150
33061024260000,211790
33053064170000,148845
33105039100000,563420
33025024450000,740655
33025023700000,270240
33053044860000,379575
33061026680000,764760
33053063600000,949320
33053062260000,211335
33053065090000,272125
33023011660000,636880
05123368870000,773305
33105032200000,272550
33061036070000,406935
33053038110000,479795
33061034230000,600945
33105035360000,825935
05123370340000,643985
49021222720000,147655
33105037300000,119685
33053055500000,291445
33061033670000,29805
33105030730100,981165
33013018110000,552685
33025006810100,260550
33025025280000,195765
05123405700000,30900
33053043790000,877055
33025008160100,502040
33053056270000,52760
33061027610000,705540
33053061400000,24625
33053058690000,942520
05123369310000,451325
05123352520000,584350
33053054580000,719365
33025025610000,912590
05123389030000,740840
05123397490000,655195
33105036610000,233105
33023012810000,371515
05123390800000,808060
33053069430000,208135
33053062790000,258905
05123382040000,144070
33061026800100,263695
33013017450000,734540
33025027740000,358060
33053058590000,300935
33053052000100,675855
33053061290000,300130
33105030710000,742735
05123407760000,256330
33023011750000,502960
49021210830000,632440
49021212270000,179575
05123371210000,815200
05123400730000,703790
33053061570000,111455
33053058120000,473825
05123381800000,541425
33053050960000,755815
33061026330000,667360
33053056790100,705755
33053056380000,987410
33053053010000,51405
33105036380000,938805
33105030680000,6830
33053050200000,290040
33105034760100,268090
33053062860000,631355
33025019950000,85705
33053060790000,807720
33061026610000,196445
33061024280000,184785
33105035480000,444620
33053059460000,892620
33053056240000,864625
33025015190000,470625
05123391690000,478835
33053057710100,803255
33053059830000,816755
05123400770000,804940
05123393780000,911670
05123389040000,208600
33025022960000,936120
33061030760000,922965
33061030940000,528070
33061032410000,470925
33105031810000,591765
05123360790000,222690
33061030600100,212415
33061028360000,509335
33061030860000,339850
33053051670000,888935
05123382880000,743460
33053042980000,786855
33061031490000,910450
33053055910300,437270
33025023710000,950500
33053055350000,224490
33013017640000,232605
33105031970000,248465
33053052900000,866640
33053045960000,162760
33053054380000,405490
33105032110100,99510
33025027210000,850830
33105033440000,759950
33053056570000,260370
33053053900200,494480
33025022340000,265125
33105031530000,636290
33025021500000,779580
05123372580000,905730
33053059840100,458775
33013017370000,390985
33105035100000,323435
33105027820000,71555
33053059290000,732730
33053051780000,161185
33025025030000,133680
33053059500100,864935
33025025900000,9615
05123390450000,328380
33053060730000,649050
33053058330000,540395
05123392330000,198715
05123368900000,765920
33053062170100,636490
33105031470100,780600
33053050920000,381245
33053061870000,503365
33061031380000,806615
33053053830000,959550
33061030540000,879290
33061037170000,419295
05123381510000,708695
30015420300000,474210
33025022560000,655
30025415170000,118845
42475366810000,136470
30015424790000,211895
33053068460000,701860
33105036800000,569280
33061029700000,826855
33061028230000,104700
33053059360000,700650
33053058610000,203600
33061027020100,836470
33023011950000,608505
30015422060000,608295
30025419330000,590635
30025409270000,611440
33053056870000,994785
30025414660000,416950
33061031480000,631175
33105033300000,400485
33061031450100,136770
33053051930000,263655
30015417470000,340720
42003463800000,125890
30025426000000,55815
33061031860000,109630
33053054260000,553660
33053052660000,897940
33105031870000,498245
30015416600000,598230
05123392710000,905450
33105038410100,350640
33061028680000,381100
33053057860000,676350
42219372800000,434775
33061027130000,543790
33053051810000,263155
33061032040000,70865
30015421650000,569580
33053055380200,970165
05123390810000,1540
05123377010100,85105
05123362020000,445
33105033220000,396840
05123392920000,658780
33061028100000,587425
30025412520000,24995
42301326010000,991980
30015420060000,661335
33053059510000,743065
33025024500000,919970
33025025930000,700255
33061029210000,871015
30015418640000,628455
30025421680000,141025
33105033190000,750185
33023013330000,607160
33025025720000,281775
33061033080100,626445
33061034920000,206165
33023012820000,22745
33053052640000,818020
33105030260000,894275
30015425150000,382900
30025409160000,855590
33061030670000,435340
33061031420000,100000
30025420940000,67430
33061026790000,352665
33053053160100,844895
33053054220000,964850
33013017470000,70775
33061033540000,61960
30015420310000,552795
33105031910000,990550
33053055450000,347740
33061026090100,246855
42475365570000,640065
30015422460000,693625
33061031720000,725365
33061027670000,176010
05123381810000,649610
33025021250000,596145
33053060530000,82935
30015414300000,122400
33025025070000,331220
33061025910000,831665
33105028480000,254615
30015386130000,697790
33105032840000,807165
05123389450000,869750
33061028320000,637760
33061027970000,263385
30025423230000,970655
30015407910000,105935
30015412960100,682730
30015416070000,848200
33053059540200,88200
33105037890000,326485
33053053680000,398695
30025414950000,358955
05123397240000,541655
33105034090000,355355
33025022060000,244830
33025022760000,836175
33025023740100,474060
30025413020000,612885
33061027620000,468810
42475365430000,379060
30025418020000,554835
30015423950000,374885
30015416280000,633045
33105028790000,955945
42003306650100,203500
42003307080100,292150
33025021830000,855025
33025025470000,3720
33105031590000,751890
33061029710000,685180
30015415570000,166270
33053048330000,108385
33105026370000,964750
33053054480000,321570
33105028070000,309020
42301320680000,275905
42301321980000,570560
30015423760000,338725
30015418080000,204300
33013017630000,608230
33053053310000,22475
33105034720000,636005
33105037400000,129050
30025412290100,322910
30015424640100,158625
05123387370000,12195
05123377780000,774610
30025419120000,591870
42105421860000,88705
33061028750000,656850
33061030440000,270580
33053053150000,980820
30015415060000,410620
33053055930000,605985
33061029050000,173865
33105034900000,24580
33053065020000,562825
33053050900000,278685
30025405020000,306160
33053060800000,213975
33105034230000,524730
05123365610000,330
30015423330000,866545
33105029130000,275220
33053062070000,264640
30025415620000,52320
30025409070000,248535
42475364990000,353385
33061028240000,631805
33053054630000,614820
33053062690000,41765
30025416210000,538790
33053061200100,554925
33025022640000,178015
33053066470000,554240
42105422360000,281395
33053059450000,59740
30015418450000,907015
33053056060000,848010
33053059350000,631855
33061029780000,805595
33105038480000,205480
30025411400000,937510
30015414880000,236640
33061029280000,421445
33053057030000,69460
33053066480000,556415
30015425780000,88260
33025020440000,9600
33105032580000,949815
42495335930000,10580
42301320010000,490925
33105036340000,892355
33053040540000,386055
33025022320000,531375
33105034730000,632385
42389339660000,72420
33061034760000,561940
33053058040000,583980
33025025650100,699085
33053056070000,362170
33053053750000,393025
33053051600000,812915
42301321230000,745635
30015403970000,654280
30015418870100,860405
30025414540000,350720
05123380350000,533100
42105419150000,391180
33061029640000,594735
33025025410000,566750
33053059740000,85250
42301322740000,360155
30025413330000,442735
30015413440000,388090
33061031070000,88370
30025418490000,918890
30025423120000,872505
30025414880000,100440
33105033480000,405295
33053065540000,284340
33025027190000,896425
30025421270100,56610
42317401650100,836690
42003457410000,897270
30015420480000,809090
30025416230100,967210
30025422000000,57825
30015373820000,857875
30025405180000,666560
30025421250100,395330
30015423230000,420965
42301324350000,322225
42475365500000,812535
30015416940000,783705
30015397660000,844005
42301321390000,952885
30015417270000,102235
30015415710000,598190
42495335880000,234850
30015416000000,509435
42301321070000,83785
30015420720000,511985
30015426090000,29430
30015416290000,856445
30025416940100,473890
42003462220000,600285
30015427190000,172590
42105419390000,55495
42301319250000,152630
42219342120100,67020
30015429750000,99160
30025422790000,464190
30025418090000,820760
30025420070100,625205
35073248950000,31980
35073248880000,809595
35073248920000,311765
05123393040000,901060
05123376960000,548230
05123393020000,512090
05123388510000,407370
35051238010000,10020
33025012730000,768090
33053046070000,854120
05123401750000,993495
33105037280000,304270
33025022140000,392725
33053051660000,928865
35073249830000,483295
35017247290000,87710
33053062300000,269185
33053050740100,294200
33025022370000,422080
33105031780000,432005
35017247170000,98650
33105031250000,879120
33025026540000,599845
33053045350100,797330
33053047320000,367915
35073249970000,592250
33105028780000,234475
33053051300000,601225
33025024800000,667815
33053051330000,518365
33053047300000,546615
33053047670000,592195
33025025480000,715425
33053052160000,946950
33025024690000,652195
35073249720000,254070
05123401680000,481315
33105036050000,400885
33053049430000,193320
33105033620000,530440
33105037970000,497300
35051239110000,188240
33053046220000,219670
33053049300000,879565
33053043780000,403980
05123396860000,362600
35017246920000,64005
35073249410000,406690
33025025390000,332410
33053049440000,752705
33025024030100,545195
33061026180000,914565
33053057560000,940610
33105033090000,815845
33105030590000,277595
33105037950000,276060
05123399190000,273815
05123396000000,948140
33025021060000,720860
05123397610000,156380
33053057020000,299780
33105036300000,714910
33105032330000,885170
33053053000000,889205
33105034680000,220400
33053049470000,602010
05123390760000,447160
05123383050100,258600
05123394110000,756780
05123388890000,527205
05123386890000,732670
05123386600000,643265
05123374520000,72100
35051238500000,724905
05123364060000,41055
05123376220000,310120
05123376820000,112545
05123389290000,870165
05123376240000,119745
05123393680000,990445
05123378720000,20350
35011235060000,507405
33061033300000,841045
05123393410000,212495
05123376210000,170610
05123364840000,101990
33007018180100,248495
05123381610000,819540
33023013710100,830150
05123390310000,236725
05123401800000,752330
05123412530000,55145
05123389200100,925560
05123392630000,902335
05123392940000,796225
05123393520000,1680
05123415390000,2035
05123408460000,17900
35073250890000,12100
05123391330000,857335
05123381540000,818975
05123381730000,749640
05123393700000,286310
05123374570000,373660
33053052790000,760305
49021210640000,276860
05123385350000,632380
05123366510000,896945
35073250030000,763720
05123376250000,70510
05123391820000,828970
35051238510000,374055
35051238890000,600720
33061033500000,630190
05123372570000,864780
05123404640000,54610
05123392430000,687300
33053062330000,736520
49021210290000,317000
49021211290000,502050
05123401740000,680925
05123391550000,312670
05123399330000,637200
33053037310100,764590
49021210080000,107880
33105039790000,172480
05123407010000,130970
35073251360000,317370
35073249310000,165200
05005072230000,15015
05123378860100,612935
33105038300100,977320
05123412460000,866905
05123409280000,155060
05123382920000,364415
05123402570000,510390
05123390460000,905970
35073251060000,712920
05123419010000,327175
05123380170000,23885
33025028410000,742535
33105031550100,609240
05123408860000,469555
33061028710000,751245
05123393760000,191460
05123399990000,493080
35073249220000,882305
05123405330000,198645
05123409010000,83205
33105038420000,211065
33061029330100,958795
33089008230100,336960
33105033250100,414665
05123415340000,680855
33061033070000,854420
33061030800000,617540
33053051900000,174030
05123396810000,508675
05123367920000,794920
05123355430000,97505
05123398590000,730150
35073249040000,548225
05123411470000,474330
33105030900100,87235
05123391590000,292850
33105038620000,150205
05123394380000,263895
05123381900000,988010
05123378790000,387530
33053066190000,588215
05123409260000,813105
05123409080000,84890
05123363280000,129045
05123368960000,470160
05123412470000,291645
05123412480000,16315
05123406310000,821825
33089007330100,543440
05123388880000,899530
05123389560000,434620
33105040370100,562715
05123405970000,573480
05123392830000,50495
33025025680000,604905
33053045050100,773520
33053062390000,177720
05123390600000,839500
35073250260000,518060
35051237860100,963755
33023011510000,979295
05123376540000,642360
33053056480200,491485
05123402810000,69900
05123371810000,451440
33105036940000,171465
05123385100000,466415
33053052830000,988790
35051238840000,618120
05123414910000,406150
05123378290000,853680
05123381880000,331110
33061026670100,903670
35073249940000,738520
05123381400000,243960
33105028310200,441040
05123413710000,55100
05123372090000,312440
05123375660000,632195
05123375990000,519610
05123379200000,589350
05123372970000,993370
05123372100000,579765
05123407850000,742615
33061030620000,764920
05123377270000,149060
33053054730000,386790
05123378450000,902615
05123386530000,439260
05123403180000,912290
05123379240000,68065
05123399320000,840680
05123386470000,440220
05123388790000,272285
05123389480000,148080
05123386520000,805380
33023012570000,93725
05123386820000,242605
05123377310000,112790
05123377620000,904310
05123383990000,273130
05123375120000,764505
05123375110000,85955
05123381830000,53355
05123386560000,658285
05123387630100,437520
05123360830000,820575
05123375680000,564975
05123384450000,863210
05123376730000,713435
05123373680000,177385
05123378770000,954740
05001097790000,306400
05123378990000,721615
05123389570000,546760
05123388630000,337260
05123380380000,263200
05123383300000,266765
05123377390000,100940
05123386620000,877435
05123386910000,447895
33025021620000,932900
35073248890000,419190
35017246860000,658655
05123402820000,113430
05123412110000,948180
33061033680000,801250
05123392660000,637470
05123402920000,425625
05123395860000,102350
05123400110000,226505
05123406950000,770160
05123400200000,383835
05123380190000,515925
35073250420000,385145
05123398980000,427550
05123364070000,356380
33053063630000,162650
05123412610000,236800
05001097740200,121525
35073249510000,567480
35073249440000,435205
05123406400000,871010
35073250870000,285840
33061032010000,543770
33105036820100,74125
05123410460000,383405
05123388690000,419700
05123411590000,598275
05123388290000,212365
05123377040000,40555
05123377140000,17980
05123380860000,676925
05123360020000,745950
05123384050000,587820
05123368430000,334630
05123380990000,632760
05123366990000,114370
05123386760000,692725
05123369280000,421515
05123387360000,671190
05123384530000,895455
05123381020000,957485
33053064730100,476025
05123374180000,21205
05123368780000,461150
05123372960000,346245
05123368470000,492225
05123373400000,914745
05123372080000,470655
05123372470000,971480
05123395980000,512670
05123379010000,418285
05123387860000,254595
05123377870000,693370
05123381320000,557190
05123381300000,780380
05123368460000,411915
33053059430000,447790
05123388490000,311300
05123380610000,208700
05123373030000,658020
05123379840000,966510
05123375150000,58105
05123365310000,170100
05123380550000,964925
05123381840000,211880
35073249670000,98100
33023012240000,878515
05123387390000,914460
05123391560000,436055
33105035370100,758840
05123406890000,703420
05123407810000,160150
05123377740000,587115
05123385800000,52545
05123370100000,434490
05123369140000,880025
33053059480000,513780
05123406240000,937485
05123405720000,382455
05123405820000,718195
05123372300000,513990
05005072180000,534785
33053061540000,841515
05123394000000,63805
05123406810000,406935
05123363410000,822730
33023009970100,871190
05123398140000,834950
05123393490000,312195
33053048860000,157315
35073249680000,913955
05123363940000,932190
05123393350000,141515
05123391390000,844940
05123392490000,809475
33089008090200,680605
05123386310000,691410
33023012020000,851955
05123393510000,160390
05123394020000,538145
05123399580000,273405
33053061270000,19350
05123376460000,639620
05123409120000,387580
33053061410200,603155
05123409230000,841175
33053062270000,840805
05123407870000,873770
05123371440000,657665
05123376440000,369905
05123392750000,680645
05123382860000,372300
33053064020000,758500
33025023560100,937260
33053054300000,194310
33053059880000,541340
35017246840000,516060
05123383920000,260905
05123404070000,484605
33053057510100,371245
05123375020000,887590
05123405630000,291585
05123372210000,575850
05123390260000,645225
05123378930000,240380
05123374320000,383270
05123375280000,386095
05123389050000,146345
05123367430000,502465
05123380300000,186390
05123399800000,286770
05123384180000,863680
33025025380000,906245
05123371070000,566055
05123386300000,6185
05123372170000,100240
05123386810000,767530
05123386650000,530140
05123387050000,82115
05123376620000,881960
05123365560000,426425
33053056560000,543135
05123378920000,220865
05123373520000,178225
33105031410100,305390
05123398750000,478820
05123397530000,649490
05123384280000,657355
05123382000000,402355
05123395590000,580630
05123397210000,80365
05123363830200,531110
35073251150000,95350
05123389620000,215280
05123390180000,141140
05123374870000,467505
05123376130000,786510
05123382210000,259800
05123395490000,234990
05123390950000,799905
05123375860000,822110
05123366540000,707160
33053066670000,648180
05123399200000,756505
05123392890000,159305
33023011670000,487830
33061030310100,151425
35051238270000,569500
33023011580000,773405
05123367870000,485885
05123368480000,506185
05123363480000,233785
05123391990000,747465
05123367470000,863375
05123385770000,934115
05123343840000,726045
05123374090000,98950
05123383390000,739060
05123380040000,744400
33089007980000,76190
05123353520000,597515
05123362100000,331900
05123340180000,602605
05123375000000,355630
05123380260000,38060
05123380630000,230445
05123374250000,52110
33025022630000,964885
33105034600000,175690
33053057060000,64085
05123367410000,286470
33105030960000,992025
05123392260000,219110
33023011260000,987355
33053060650000,731785
35073249700000,920245
05123399790000,497780
05123382050000,963350
33105031240000,10805
05123384930000,317015
05123393470000,592915
33023013370000,211985
33105032740000,309255
33053056210000,51040
33053060630000,163650
05123371900000,997080
05123380160000,745365
33025021860000,717110
05123391290000,978160
05123397740000,123160
05123394640000,300835
05123406220000,446485
05123369360000,584810
05123409220000,894050
05123394960000,899335
33025024840000,84020
05123376520000,721105
05123401270100,368750
05123394850100,816400
33023011200100,862220
33053054750100,84490
33061027680100,86095
33105032140000,650930
05123394820000,128860
05123399120000,643110
05123395570000,68020
05123397990000,173970
05123373340000,206560
05123404480000,910390
05123378690000,675300
05123379080000,937435
05123384160000,753715
05123380910000,177330
05123392880100,411480
05123377610000,229495
05123385030000,427565
05123396720000,1555
05123380880000,509510
05123374840000,231740
33061032760100,384385
05123379070000,31070
05123388210000,803565
33089008430000,294060
05123386140000,30120
33105038630000,939150
33061027900000,891945
33053056720000,534595
33061027840200,870395
33061031270000,134120
33053050890200,59025
05123386840000,714115
33061023840000,333520
33061031410000,445690
33105026380000,741585
33053059780000,547875
33053044750000,333665
05123361210000,764765
05123403860000,800065
05123395310000,75330
05123383020000,696330
05123391100000,988050
33061028870000,224360
33061027730000,685025
33053042970000,448280
33053064140000,18450
05123390550000,787800
33105030940000,376180
05123379670000,397880
05123395460000,895685
33089008300000,566370
05123401290000,645155
05123390350000,859935
05123366450000,970865
33013017920000,865100
05123384870000,760410
05123394460000,169090
05123393900000,91365
05123392090000,508940
05123395520000,381255
05123396320000,196915
33053056990000,530795
05123377770000,197305
33105030910000,828955
33023011240000,663825
33061031050000,6390
33023011040000,839805
33061030830000,483720
33061025900000,663250
33061027780000,776240
33105027630000,141420
05123384890000,256920
05123390850000,765315
33053037860000,424810
33053056470000,901500
33053045950000,690100
33061025490000,731460
33105037490100,299430
05123375890000,24295
05123376480000,19405
33053043140200,247915
05123380020000,74435
33089008050000,376475
33023011890000,365250
33053058850000,898685
33053063580000,196695
33053059340000,576400
33105034430200,215670
33053050930000,228525
33061028930000,425915
33105030000000,146740
33023010750000,324615
33053057720000,258490
35073250090000,194625
05123379710000,740300
35051237910000,649465
33053060140100,239650
05123394120000,169180
33061031160000,511435
05123376200000,494810
33013018060000,184680
33061029550000,843325
33025022110000,920795
33105034440000,901440
33061024470000,390235
33061028330000,752785
05123390340000,967350
05123390400000,350565
05123398020000,696380
33053059230000,426005
33007017730000,784605
05123382910000,110285
33053048230000,559750
05123373970000,687240
33025024700000,557800
33061025820100,36920
33023011620000,203045
33013017230100,738280
33105032830000,280245
33025022920000,793965
33023012700000,778540
33013017480000,897030
33013017910000,101855
33061031730000,329355
33061031230000,637020
35073249710000,418455
33025024370000,158695
33105028590100,619575
33105037250000,577300
33053060310000,426420
33025025150000,826620
33025024820000,225325
42317398350000,334030
33061032090000,572120
05123395540000,211900
42135401930100,651185
42173369480000,926595
42003464100000,926620
42329389470000,166790
33061028950000,130125
33061028880000,664960
42329396830000,869000
42173369650000,190625
42227384920000,705465
05123376060000,482825
05123385670000,107830
05123379870000,766885
42329396940000,925290
42173370000000,926720
42227385350000,296055
33089008360000,838465
42227375690000,789085
42329388050000,651050
42317397000000,405300
33053049710000,184145
05123397300000,555990
42317388780000,677935
05123368930000,362905
42003463510000,485520
05123397730000,117290
05123380930000,280575
33053040350100,41965
05123376140000,174085
05123369820000,614280
05123390210000,142875
33023009700000,792445
42173371530000,335410
05123389250000,960600
05123382770000,692795
42461391720000,817070
42329400150000,78125
33053057220000,756125
33105034320000,682770
42461391220000,696300
42173362860000,627150
42461390190100,225585
05123406080000,74120
05123375870000,854695
05123398120000,713755
05123398330000,479460
33053051170000,245435
05005072200000,50210
42461394780000,272235
33053054140000,969705
33053056280100,908915
33023009990000,242775
33053057070000,692050
33061032570000,974515
33061030890000,828410
33105034030000,508505
42227382350000,589960
30015395140000,904290
33061025020000,84485
05123397500000,887955
05123391680000,185715
42227382510000,251220
05123376550000,639985
05123352980000,833635
05123399070000,962250
05123363050000,381135
42329401030000,6030
33061024200000,591505
42461392130000,844310
42329401700000,434250
42329393330000,933260
42383385150000,626235
42383387310000,514920
33053057330000,839485
33089008310000,254010
42329394090000,464700
42329401730000,526620
42329393260100,247845
42317389800000,19140
33105037440000,382090
05123396980000,366830
33025026060000,363835
42317395780000,305475
42461389890000,355630
42227376910000,950245
33053062870000,822495
05123382200000,556085
33061028770000,518240
33105034080000,195740
33061028310000,173085
42329401230000,821955
42495335140000,470905
42235357680000,892170
42173369690000,332055
42329393400000,43060
42227383440000,77480
05123376010000,569945
42329395650000,795845
42461392810000,635495
05123390270000,788480
05123391250000,809635
42235356910000,977950
42461401400000,745525
33025025780000,902810
05123375880000,107440
42383386120000,869300
42383387880000,942735
33061028000100,745325
42165382550000,678655
30015401230000,163360
05123372390000,205510
33061027050000,809800
30015396400000,868320
42329396340000,338805
42317390430000,57005
42165382030000,896485
42329397570000,380395
42383394080000,124580
42461396260000,481755
42173367390000,271690
42461392900000,280400
42461391600000,322440
33061032150000,553640
33053043110000,886180
42461391660000,541060
05123372510000,242405
33105030750000,490480
33053055310000,553360
42329401990000,298315
42003457180000,979820
42173359580000,367675
42173365630000,479065
42317392380000,747480
42383387570000,70230
05001097850100,584495
30015426310000,90120
42329393020000,313995
42317401340000,377070
33061033180000,269115
05123395510000,529775
42173366950000,672135
42173367400000,532460
42033323220000,688755
42003456940000,553595
30015424200000,356070
42329399050000,101235
42383390140000,342815
33061028150000,548495
33025024950000,971290
30025422560000,349290
33007017880000,326555
42461393800000,463810
42173367420000,723225
33007017710000,359660
33013017440000,209465
33013017460100,817740
42329397400000,467905
42003455530000,204975
42383389030000,462930
33025024330000,416315
33061030870000,734835
42329392590000,583010
42329393190000,739030
42461397070000,191350
42173369780000,830465
42461391640000,446640
42461393010100,261825
42329391770000,972005
42383389820000,470345
42461393350000,447655
33105034590200,168075
33053057940000,204420
42461393620000,488575
33023012780000,937295
33053060740000,972990
42329389980000,158180
42383388730000,390505
42173363910000,36755
33025022190000,362515
33105036570000,801255
33105031500000,438170
33023011570000,695545
33053054100000,749685
42329388810000,353455
42227381180000,875350
42383383360000,654815
42329400450000,402875
33053057870000,327380
33053040280000,768360
33025023220000,776045
42173369720000,998895
42329393600000,797885
42235358080000,70310
42461400440000,376845
33025025760000,126860
33053040270000,549805
33061029290000,714810
35017246980000,403555
33053057080000,898050
42135427900000,311205
42173359520000,933405
42329393880100,744550
42329399520000,559945
42317389500000,952575
42329389430000,830795
33025026240000,976665
42383387070000,505880
35073248820000,526670
42003464860000,328615
42383387860000,662065
42383389270000,460835
42461399450000,586545
42329393050000,86090
42317398700000,523360
42003468140000,926275
42461388640000,57060
42461388580000,724610
42461391400000,18070
42461389960000,318130
42461389670000,690845
42383390570000,525010
42383394130100,303335
42461389110000,325730
42329391690000,722100
42317392760000,38710
42173369620100,152905
42003458950000,821540
42317398480000,210995
42173360730000,436990
42003465740000,319305
42329395370100,582370
42329387750000,469390
42003465800000,174650
42329401380000,103365
42329402620000,718950
42329400160000,145470
42329389290000,174110
30025408990000,476420
30025408880000,214290
42383388300000,390240
30025414090000,649430
42383386290000,374625
42461400610100,984590
42173368610000,750605
42461395920000,486425
42173371730000,699200
42173369640000,615865
42461392420000,296805
42173369710000,206890
42329394650000,766775
42383384240000,16640
42383393050000,197065
42317394200000,936155
42173366410000,985075
42461397200000,799610
42329392290000,442755
42383385460100,926405
42383387910100,965535
42173363830000,256985
42461389780000,345580
42173367300000,508360
42461390110000,795810
42173368400000,337925
42461388770000,966495
42461401170100,858695
42003469930000,492080
42165383070000,554195
42003463630000,195060
42383388680000,929970
42329401160000,350565
42003456380000,771700
42173367250000,231315
42329390970000,874980
42227382130000,107215
42003461810000,612310
42227378000000,8915
42003457760000,816920
42383385970000,567530
42317394080000,782205
42329403340000,733570
42003465170000,135995
42317396090000,449860
42329395150000,544330
42173358870000,383275
42317398150000,729985
42115336940000,426820
42461399750000,481025
42235355970000,460420
42227379800000,239840
42461400030000,361905
42329394210200,549240
42329396650000,322355
42227376920000,35475
42235357470000,404330
42003462490000,129710
42461389660000,816610
42235359340000,978200
42329393660000,16935
42461394910000,704000
42461398970000,319870
42461394520000,336230
42235358740000,363820
42329401450000,531640
42329393030000,267470
42317390390000,135935
42317399800000,165600
42173359540000,985715
42317402080000,839195
42173368670000,296470
42329401220000,176565
42173366900000,707800
42383389920000,106680
42003459990000,233490
42329391930000,492770
42329399120000,516655
42003471070000,145140
42173361860200,842730
42383384320000,556775
42173368110000,941550
42173368160000,717605
42135430440000,446920
42329401400000,711680
42329389840000,654140
42329392310000,737660
42173362630000,606925
42383384220000,332385
42383386310100,135705
42173362850000,786750
30015420220000,407335
42173364210000,120945
42003462570000,877820
42461395010000,244840
42173368800000,119000
42329391260000,620265
42329393960000,367660
42461398220000,165665
42227384550000,887315
42173367280000,199735
42383387150000,364310
42003464110000,177490
42461389520000,275765
42317392460000,189355
42317399580100,148410
42329390560000,28575
42461394680000,70050
42461394440000,253360
42461397380000,191680
42461400430000,971955
42383384190000,605610
42461399850100,497320
42033323010000,155615
42103362950000,840070
42173363370000,637135
42317389790000,729265
42383385210000,382910
42461396220000,344955
42317392450000,959100
42329389350000,816200
42329393150000,326860
42329394170000,707620
42003469180000,396755
42317393830000,514165
42317388420000,141385
42317391050000,755460
42461393760000,654580
42227378080000,219815
42461399610000,335125
42173364720000,964725
42461397950100,10350
42461400880000,276785
42173357420000,656480
42317401170000,715215
42329393690000,980025
42461393630000,753905
42383390600000,193290
42383384300000,344300
42317389280000,849510
42461393650000,853820
42317400300000,292510
42103363830000,28045
42329396330000,199835
42173363770000,254125
42461396230000,72675
42003458230000,897340
42461400490000,831000
42329395320000,196360
42329390830000,550465
42383385440000,617940
42329389010000,146715
42461394040000,566155
42317385640000,312850
42461400720000,343575
42105422430100,329860
42461399600000,615910
33105031800100,650315
42383387100000,583635
42383384200200,766170
42317394230000,865610
30025425140000,311260
42317394030000,707665
42227380010000,662470
42461396160000,637805
42003471090000,539000
42173366960000,493830
42329394660000,352555
42103363880000,487705
42461391670000,196985
42317395770000,408565
42329390020000,962935
30015421410000,731875
42461395780100,948930
42173362100000,342925
42329391510000,866880
42329398720000,487445
42173367380000,204770
42383393280000,366005
42329388820000,568510
42461391730000,894765
42461398140000,820970
42329393940000,440365
42329394800000,63840
42227384710000,670635
42173366980000,176365
42461394070000,340995
42317388520000,315015
42383385760000,732390
42317400590000,169025
42461397610000,892965
42317389170000,898130
42135427330000,878395
42461394830000,555475
42173367070000,914595
42173369660000,177995
42103364700000,250205
42317394750000,622790
42383393260100,181080
42227377470000,385645
42495334640200,174545
42003459520000,428535
30015416650000,160750
42173362200000,466100
42317400490000,743565
42329386620000,650530
35017246490000,218605
35017246060000,294995
35017245960000,337915
35051236880000,759645
35017246210000,105105
35017246130000,648575
35017245710000,703235
35017246460000,127060
35017246560000,970870
35137271520000,287795
35137272000000,93205
35137271350000,602790
33053051010000,905200
35051238400000,53600
35137273240000,240855
33053053440000,321560
35051237640000,712525
35017246190000,748785
35017247020000,190260
35017246990000,963225
35051238830000,508590
33105040470000,910465
35137270770000,801380
33105034180000,427195
35017247150000,235755
33053047340000,614435
35017245720000,511890
33105031770000,135155
35051238820000,440515
35051239000000,824590
35049250070000,731135
35051237800000,755690
35051238860000,518715
35017246380000,732250
33023012210000,228940
33053055630000,431390
35051238050000,294645
35051239090000,505495
35137271150000,616145
33105034200000,187840
35017247700000,993430
35137273280000,400620
35137271710000,714600
42235355050000,256965
42109325730000,661910
42105418820000,381395
35017247320000,862565
35137273250000,926970
35017247220000,417930
35017246090000,71050
42235353770000,25375
35137274110000,737945
35017246940000,646000
42103362560000,105500
35073249480000,809290
42371393100000,732750
42371392400000,444665
33061027470000,233945
33023012310000,535385
35137272480000,575605
42389340160000,581475
35017246230000,834615
35017245950000,325520
33053053790000,991655
35137271800100,908410
35017246410000,341335
35017246740000,792285
33025027600000,741705
33053040660000,728325
33023012610000,113475
33053060330000,801675
33023010990000,789015
35051238940000,919445
42389348400000,432560
42461389390000,419400
35051238970000,442940
42173361480000,3625
33053052090000,572240
42371393180000,104270
42383379390100,109285
42461389630000,842830
35017247350000,98905
33013018000000,779405
33025023670000,518055
42219372860000,642970
42105416820000,310830
33053062020000,379555
33053063110000,47200
42227384930000,242030
42173366030000,439745
42105418860000,591995
42173367600000,269705
35137271180000,923010
35051237630000,827870
35073249920000,111005
42329394470000,220300
42389348160000,838410
42389338770000,332640
33053066960000,476180
42389343770000,825375
42301321120000,864485
42301319950000,157295
42389340800000,80290
35051237190000,637000
42389347970000,366820
42383393470100,205880
33053058820000,740225
35017245900000,603630
33007017060000,237960
33023012200100,584235
42389342070000,307410
42461399680000,617270
42475365610000,447160
33053055190000,414885
33023012670000,397065
35017246250000,990725
42431334620000,161855
42105421440000,379615
33089008060000,64930
42173364740000,801955
42301320500000,680680
30015422420000,725555
30025416140100,244165
42389348560000,346710
42105418980000,497200
42109327550100,644015
42317401410000,677505
42389347700000,954930
42389343600000,919505
42103362620000,143830
42235354960000,73890
42389340960000,236990
42235353070000,800185
42301321010000,172695
42389348530000,415320
42301319080000,78475
42235353080000,521320
42389345050000,879910
42389339790100,924410
42475365540000,653145
42301321590000,388595
42475367200000,919235
42389343230000,2250
42389341580000,497155
42383388710100,963170
42389341310100,906385
42003457570100,486730
42003458590000,120730
42301320900000,780200
42383386810000,692775
42235354220300,588150
42389345410000,805815
42109328200000,323255
42389343180000,15500
42383390340100,558770
42173363500000,1950
42235358460000,780900
42389340900000,289150
42389349090000,798640
42301321400000,256855
42301320480000,131855
42389346900000,669665
42235359390000,689420
42389342440000,272650
42389347400000,176105
30015411680000,639475
42235359210000,515375
42301323810000,967865
42105419170000,17655
42383384730000,202230
42105420080000,195615
42301323720000,217005
42301323080000,507960
42317399570000,13410
42329401210000,194855
42105418190000,208665
42383383220000,464135
42109328100000,371935
42301322590000,222895
42105420380000,702440
42389341070000,125780
42173369900000,576905
42475367520100,79295
42383393400000,690815
42389336640100,449850
42383391920000,191765
42235358190000,2355
42301319940000,655620
42301323030000,487120
42389342040000,107520
42173366270000,980785
42389340360000,739505
42301322600000,762290
42235356300000,174330
42475367370000,515715
42105420400000,918460
42383382730000,253995
42383385000000,433485
42475366530000,621555
42389345680000,300805
42431334430000,958050
42105420550000,584195
42383385770000,4925
42389337280000,693330
42003458880000,45890
42301323990000,474705
42389345740000,904195
42389344200000,208080
42235359000000,151290
42389347250000,555310
42475364800000,225215
42495317050100,364515
42235354610000,556440
42389343030000,216015
30015404620000,281740
42389330390100,375900
42475365700000,594580
42329391500000,89530
42105421520000,284880
42389339240000,692070
42389342550000,674095
42389347940000,974240
42301323310000,7630
42235354740000,246035
42383387770000,867525
42389346330000,465590
42383390880000,606220
42389348280000,857255
30015411670000,825810
42389341040000,70490
42475366710000,731375
42389340370000,422460
42389345980200,429685
42475366640000,586910
42301322660000,527000
42105414780000,971630
42383390380000,558195
42389339280000,260780
42389347270000,360570
42389342020000,687625
42105420340000,351620
42389341210000,612810
42105417960000,401600
42475365410000,569425
42227384860000,813245
42109326480000,444365
42383391120000,206915
42389340270000,424460
42301322670000,420880
42105418020000,634620
42389344360000,821800
42389343050000,68110
42495335460100,989495
42301325890000,411305
42383387680000,404470
42389338480000,71445
42389339140000,994620
42389337310000,459465
42389336310000,511755
42105419540000,495810
42389339740000,913545
42389347410000,208970
42109326920100,97095
42235356170100,9515
42301323830000,906690
42109326540000,441915
42389339420100,148120
42389345860000,349935
42389339160000,46935
42389339520000,578105
33053049760000,733355
42109326330000,531640
42383391960100,266080
42235356010000,253570
42383382740000,209610
42389340200000,527580
42389343160000,549605
42329390850000,918990
42329400700000,354895
42389337690000,807305
42389344550000,822220
42389346440000,14030
42389341700100,261135
42003463710000,644655
35051238850000,97945
35017246080000,727815
42173369500000,819310
42301325190000,111510
42383381720000,722745
33061029100000,341085
33053047440000,242290
42389345060000,732640
42389341200000,30935
42389345020000,834850
42383382190000,115165
42383393440000,722485
42301322380100,745670
42389343510000,618155
42383388570000,351275
42235359260000,262440
42371392660000,150675
42371391930100,503535
35017246420000,530955
42389344980000,561415
42389345000000,657240
42389339020000,725375
42301323480000,758905
42105420950000,680610
42235351380000,838290
42109326080000,774225
42235356080000,786850
42235360510000,720685
35051238410000,481505
33025009360000,230620
42389336580000,585565
42389341680000,168165
42475366760100,859350
42475366110000,761030
42383392240000,689205
42235358430000,955030
42389348050000,930675
42475370160000,950095
42389346700000,906885
42383386870000,306690
42475365690000,318235
42235353680000,419590
42389342120000,369860
42431334530000,715160
33061031980000,725140
42105419960000,489100
42389348700000,46815
42389342240000,280530
42389339030000,909635
42003458910000,333410
42389338370000,873445
42235357600000,783385
42109327790100,242735
42389342410000,617650
42105420680000,499425
42301323440000,700490
42383385720000,71625
42475368320000,855680
42109327610000,998860
42389342360000,287835
42389340830000,807815
42383383460000,95560
42105414640000,690845
30015421420000,784375
42389339050000,520290
42105419990000,922880
42105420430000,102660
30015427220000,491165
42317400360000,993775
42173366420000,631850
42389339500000,994130
35017247050000,402255
42495336010000,663110
42389335060000,453880
30015397650000,788580
42301319960000,750310
42389340560000,987095
42105420300000,645010
42383388320000,410515
42383387320000,529145
42389340520000,320370
42301321500000,960265
42389347920000,807925
42135433170000,649315
42389347780000,173845
42105419260000,59915
42301320640200,515940
42301325350000,490400
42235353490000,707670
42235359430000,173975
42389343660000,266395
42235359290000,362975
42383386850100,377305
35051237670000,514035
42389340220000,391340
42383383530000,93380
42389339550000,51955
42389349080000,635480
42389347810000,988260
30015410600000,753575
42235359180000,211665
42235355990000,916775
35051237160000,854225
42109327160000,404340
42235359560000,309600
42389340450000,420570
42301325490000,983165
42383392230000,100670
42383384600000,611400
42301321760000,176520
42383393390000,706045
35017247820000,176705
35051237560000,853270
42389341190000,715175
33105029640100,935905
42235356440000,400385
42383390610000,858410
42235352480000,156550
42235358330000,101125
42383384480000,54150
42235356660000,435330
42389346170000,721180
42235358440000,690815
42235356550000,355905
05123369010000,167775
42383381540100,379170
42389344590000,180380
42329389450000,418570
33105036480000,784870
42389339950000,604010
42389322700100,412065
42301323450000,162720
42389343920000,31675
42235358790100,142090
42235356670000,22225
42389343700000,919175
42227382330000,768540
42301319980000,107190
33061030740000,957195
42383386040000,698335
42383384640000,385930
42389343020000,660235
42135431580000,548620
42105420280000,420790
35137271540000,470730
42109327630000,659750
42317401360000,313415
30015393550000,471665
42109326650000,593040
42431333790000,692590
30015412270000,658340
30015404130000,563040
42383386280000,349095
42383386050000,653240
42235358290000,522155
30015410890000,559775
33061029430000,453070
33105030670000,976080
42383384660000,344165
33025025640000,917950
35051237250000,941145
33053049250000,849110
42235351730000,131220
42103360690000,427505
42371392200000,487700
42105418890000,477420
42475367850000,924085
42383380810000,985045
42301321740000,12225
42389339680000,225125
42389342320000,210335
42389344500100,683975
42003458600000,291445
42389345870000,999540
30015409170000,566555
42105421050000,704010
42301322000000,619370
42003464730000,646320
30015428860000,369965
42105418910000,566055
42105420120000,453085
42329389620000,796060
42105420650000,521005
42371393320000,732545
42475366820000,566625
42227384380000,24125
42495335510000,631880
42389344880000,418040
42235358060000,494895
42389341490100,92205
42431334370000,130805
42389343040000,505235
42105419820000,48805
42235355790000,120770
42389344480100,394810
42389339670000,960485
42389344390000,940510
42389341760000,800635
42389342310000,618805
42109326090000,728710
42389340130000,852470
42105419230000,403830
42235358310000,454075
42383382160000,41460
30015412240000,348770
42301320080000,345775
42389346150000,8935
42389345030000,819415
42389341170000,842645
42389344290000,527260
42475365960000,495505
42389339860000,949905
30015421400000,136235
42301321540000,649615
42235359010000,790225
42301323360000,574250
42383382170000,772105
42235355620000,506495
42389343100000,831835
42383381550100,593570
42389335030000,320655
42389341290000,376995
42383383890000,20385
42383382200000,110400
42383384050000,240960
42383384770000,735460
42389339210000,906575
42105420050000,536415
42389341030000,591540
42173371500000,816215
30015417870000,740940
42389340210000,73375
42301324010000,783020
42389342530000,84250
42389339460000,551275
42301324910000,970770
42301321610000,655650
42383388130000,733680
42475368790000,288425
42235355700000,257665
42109327420000,748265
42235359230000,241590
42301321840000,96030
42371071730300,943315
